name,priority,comment
UNDEFINED,100,Grouping for platform runtime permissions is not accessible to apps @hide @SystemApi @TestApi
CONTACTS,100,Used for runtime permissions related to contacts and profiles on this device.
CALENDAR,200,Used for runtime permissions related to user's calendar.
SMS,300,Used for runtime permissions related to user's SMS messages.
STORAGE,900,Used for runtime permissions related to the shared external storage.
LOCATION,400,Used for permissions that allow accessing the device location.
CALL_LOG,450,Used for permissions that are associated telephony features.
PHONE,500,Used for permissions that are associated telephony features.
MICROPHONE,600,Used for permissions that are associated with accessing microphone audio from the device. Note that phone calls also capture audio but are in a separate (more visible) permission group.
ACTIVITY_RECOGNITION,1000,Used for permissions that are associated with activity recognition.
CAMERA,700,Used for permissions that are associated with accessing camera or capturing images/video from the device.
NEARBY_DEVICES,750,Required to be able to discover and connect to nearby Bluetooth devices. <p>Protection level: dangerous
SENSORS,800,Used for permissions that are associated with accessing body or environmental sensors.
