name,permissionFlags,protectionLevel,backgroundPermission,isPartOf,comment
READ_CONTACTS,,dangerous,,CONTACTS,Allows an application to read the user's contacts data. <p>Protection level: dangerous
WRITE_CONTACTS,,dangerous,,CONTACTS,Allows an application to write the user's contacts data. <p>Protection level: dangerous
READ_CALENDAR,,dangerous,,CALENDAR,Allows an application to read the user's calendar data. <p>Protection level: dangerous
WRITE_CALENDAR,,dangerous,,CALENDAR,Allows an application to write the user's calendar data. <p>Protection level: dangerous
ACCESS_MESSAGES_ON_ICC,,signature,,CALENDAR,Allows accessing the messages on ICC @hide Used internally.
SEND_SMS,costsMoney|hardRestricted,dangerous,,SMS,Allows an application to send SMS messages. <p>Protection level: dangerous  <p> This is a hard restricted permission which cannot be held by an app until the installer on record whitelists the permission. For more details see {@link android.content.pm.PackageInstaller.SessionParams#setWhitelistedRestrictedPermissions(Set)}.
RECEIVE_SMS,hardRestricted,dangerous,,SMS,Allows an application to receive SMS messages. <p>Protection level: dangerous  <p> This is a hard restricted permission which cannot be held by an app until the installer on record whitelists the permission. For more details see {@link android.content.pm.PackageInstaller.SessionParams#setWhitelistedRestrictedPermissions(Set)}.
READ_SMS,hardRestricted,dangerous,,SMS,Allows an application to read SMS messages. <p>Protection level: dangerous  <p> This is a hard restricted permission which cannot be held by an app until the installer on record whitelists the permission. For more details see {@link android.content.pm.PackageInstaller.SessionParams#setWhitelistedRestrictedPermissions(Set)}.
RECEIVE_WAP_PUSH,hardRestricted,dangerous,,SMS,Allows an application to receive WAP push messages. <p>Protection level: dangerous  <p> This is a hard restricted permission which cannot be held by an app until the installer on record whitelists the permission. For more details see {@link android.content.pm.PackageInstaller.SessionParams#setWhitelistedRestrictedPermissions(Set)}.
RECEIVE_MMS,hardRestricted,dangerous,,SMS,Allows an application to monitor incoming MMS messages. <p>Protection level: dangerous  <p> This is a hard restricted permission which cannot be held by an app until the installer on record whitelists the permission. For more details see {@link android.content.pm.PackageInstaller.SessionParams#setWhitelistedRestrictedPermissions(Set)}.
BIND_CELL_BROADCAST_SERVICE,,signature,,SMS,"@SystemApi @TestApi Allows an application to forward cell broadcast messages to the cell broadcast module. This is required in order to bind to the cell broadcast service, and ensures that only the system can forward messages to it.  <p>Protection level: signature  @hide"
READ_CELL_BROADCASTS,hardRestricted,dangerous,,SMS,"@SystemApi @TestApi Allows an application to read previously received cell broadcast messages and to register a content observer to get notifications when a cell broadcast has been received and added to the database. For emergency alerts, the database is updated immediately after the alert dialog and notification sound/vibration/speech are presented. The ""read"" column is then updated after the user dismisses the alert. This enables supplementary emergency assistance apps to start loading additional emergency information (if Internet access is available) when the alert is first received, and to delay presenting the info to the user until after the initial alert dialog is dismissed. <p>Protection level: dangerous  <p> This is a hard restricted permission which cannot be held by an app until the installer on record whitelists the permission. For more details see {@link android.content.pm.PackageInstaller.SessionParams#setWhitelistedRestrictedPermissions(Set)}.  @hide Pending API council approval"
READ_EXTERNAL_STORAGE,softRestricted|immutablyRestricted,dangerous,,STORAGE,"Allows an application to read from external storage. <p>Any app that declares the {@link #WRITE_EXTERNAL_STORAGE} permission is implicitly granted this permission.</p> <p>This permission is enforced starting in API level 19.  Before API level 19, this permission is not enforced and all apps still have access to read from external storage. You can test your app with the permission enforced by enabling <em>Protect USB storage</em> under Developer options in the Settings app on a device running Android 4.1 or higher.</p> <p>Also starting in API level 19, this permission is <em>not</em> required to read/write files in your application-specific directories returned by {@link android.content.Context#getExternalFilesDir} and {@link android.content.Context#getExternalCacheDir}. <p class=""note""><strong>Note:</strong> If <em>both</em> your <a href=""{@docRoot}guide/topics/manifest/uses-sdk-element.html#min"">{@code minSdkVersion}</a> and <a href=""{@docRoot}guide/topics/manifest/uses-sdk-element.html#target"">{@code targetSdkVersion}</a> values are set to 3 or lower, the system implicitly grants your app this permission. If you don't need this permission, be sure your <a href=""{@docRoot}guide/topics/manifest/uses-sdk-element.html#target"">{@code targetSdkVersion}</a> is 4 or higher.  <p> This is a soft restricted permission which cannot be held by an app it its full form until the installer on record whitelists the permission. Specifically, if the permission is allowlisted the holder app can access external storage and the visual and aural media collections while if the permission is not allowlisted the holder app can only access to the visual and aural medial collections. Also the permission is immutably restricted meaning that the allowlist state can be specified only at install time and cannot change until the app is installed. For more details see {@link android.content.pm.PackageInstaller.SessionParams#setWhitelistedRestrictedPermissions(Set)}. <p>Protection level: dangerous"
WRITE_EXTERNAL_STORAGE,softRestricted|immutablyRestricted,dangerous,,STORAGE,"Allows an application to write to external storage. <p class=""note""><strong>Note:</strong> If <em>both</em> your <a href=""{@docRoot}guide/topics/manifest/uses-sdk-element.html#min"">{@code minSdkVersion}</a> and <a href=""{@docRoot}guide/topics/manifest/uses-sdk-element.html#target"">{@code targetSdkVersion}</a> values are set to 3 or lower, the system implicitly grants your app this permission. If you don't need this permission, be sure your <a href=""{@docRoot}guide/topics/manifest/uses-sdk-element.html#target"">{@code targetSdkVersion}</a> is 4 or higher. <p>Starting in API level 19, this permission is <em>not</em> required to read/write files in your application-specific directories returned by {@link android.content.Context#getExternalFilesDir} and {@link android.content.Context#getExternalCacheDir}. <p>If this permission is not allowlisted for an app that targets an API level before {@link android.os.Build.VERSION_CODES#Q} this permission cannot be granted to apps.</p> <p>Protection level: dangerous</p"
ACCESS_MEDIA_LOCATION,,dangerous,,STORAGE,Allows an application to access any geographic locations persisted in the user's shared collection. <p>Protection level: dangerous
WRITE_OBB,,signature|privileged,,STORAGE,@hide @SystemApi @TestApi Allows an application to modify OBB files visible to other apps.
MANAGE_EXTERNAL_STORAGE,,signature|appop|preinstalled,,STORAGE,Allows an application a broad access to external storage in scoped storage. Intended to be used by few apps that need to manage files on behalf of the users. <p>Protection level: signature|appop|preinstalled
MANAGE_MEDIA,,signature|appop|preinstalled,,STORAGE,"Allows an application to modify and delete media files on this device or any connected storage device without user confirmation. Applications must already be granted the {@link #READ_EXTERNAL_STORAGE} or {@link #MANAGE_EXTERNAL_STORAGE}} permissions for this permission to take effect. <p>Even if applications are granted this permission, if applications want to modify or delete media files, they also must get the access by calling {@link android.provider.MediaStore#createWriteRequest(ContentResolver, Collection)}, {@link android.provider.MediaStore#createDeleteRequest(ContentResolver, Collection)}, or {@link android.provider.MediaStore#createTrashRequest(ContentResolver, Collection, boolean)}. <p>This permission doesn't give read or write access directly. It only prevents the user confirmation dialog for these requests. <p>If applications are not granted {@link #ACCESS_MEDIA_LOCATION}, the system also pops up the user confirmation dialog for the write request. <p>Protection level: signature|appop|preinstalled"
ACCESS_FINE_LOCATION,,dangerous|instant,ACCESS_BACKGROUND_LOCATION,LOCATION,"Allows an app to access precise location. Alternatively, you might want {@link #ACCESS_COARSE_LOCATION}. <p>Protection level: dangerous"
ACCESS_COARSE_LOCATION,,dangerous|instant,ACCESS_BACKGROUND_LOCATION,LOCATION,"Allows an app to access approximate location. Alternatively, you might want {@link #ACCESS_FINE_LOCATION}. <p>Protection level: dangerous"
ACCESS_BACKGROUND_LOCATION,hardRestricted,dangerous|instant,,LOCATION,"Allows an app to access location in the background. If you're requesting this permission, you must also request either {@link #ACCESS_COARSE_LOCATION} or {@link #ACCESS_FINE_LOCATION}. Requesting this permission by itself doesn't give you location access. <p>Protection level: dangerous  <p> This is a hard restricted permission which cannot be held by an app until the installer on record whitelists the permission. For more details see {@link android.content.pm.PackageInstaller.SessionParams#setWhitelistedRestrictedPermissions(Set)}."
ACCESS_IMS_CALL_SERVICE,,signature|privileged,,CALL_LOG,Allows an application to access the IMS call service: making and modifying a call <p>Protection level: signature|privileged @hide
PERFORM_IMS_SINGLE_REGISTRATION,,internal|role,,CALL_LOG,@SystemApi @hide Allows an application to perform IMS Single Registration related actions. Only granted if the application is a system app AND is in the Default SMS Role. The permission is revoked when the app is taken out of the Default SMS Role. <p>Protection level: internal|role
READ_CALL_LOG,hardRestricted,dangerous,,CALL_LOG,"Allows an application to read the user's call log. <p class=""note""><strong>Note:</strong> If your app uses the {@link #READ_CONTACTS} permission and <em>both</em> your <a href=""{@docRoot}guide/topics/manifest/uses-sdk-element.html#min"">{@code minSdkVersion}</a> and <a href=""{@docRoot}guide/topics/manifest/uses-sdk-element.html#target"">{@code targetSdkVersion}</a> values are set to 15 or lower, the system implicitly grants your app this permission. If you don't need this permission, be sure your <a href=""{@docRoot}guide/topics/manifest/uses-sdk-element.html#target"">{@code targetSdkVersion}</a> is 16 or higher.</p> <p>Protection level: dangerous  <p> This is a hard restricted permission which cannot be held by an app until the installer on record whitelists the permission. For more details see {@link android.content.pm.PackageInstaller.SessionParams#setWhitelistedRestrictedPermissions(Set)}."
WRITE_CALL_LOG,hardRestricted,dangerous,,CALL_LOG,"Allows an application to write (but not read) the user's call log data. <p class=""note""><strong>Note:</strong> If your app uses the {@link #WRITE_CONTACTS} permission and <em>both</em> your <a href=""{@docRoot}guide/topics/manifest/uses-sdk-element.html#min"">{@code minSdkVersion}</a> and <a href=""{@docRoot}guide/topics/manifest/uses-sdk-element.html#target"">{@code targetSdkVersion}</a> values are set to 15 or lower, the system implicitly grants your app this permission. If you don't need this permission, be sure your <a href=""{@docRoot}guide/topics/manifest/uses-sdk-element.html#target"">{@code targetSdkVersion}</a> is 16 or higher.</p> <p>Protection level: dangerous  <p> This is a hard restricted permission which cannot be held by an app until the installer on record whitelists the permission. For more details see {@link android.content.pm.PackageInstaller.SessionParams#setWhitelistedRestrictedPermissions(Set)}."
PROCESS_OUTGOING_CALLS,hardRestricted,dangerous,,CALL_LOG,Allows an application to see the number being dialed during an outgoing call with the option to redirect the call to a different number or abort the call altogether. <p>Protection level: dangerous  <p> This is a hard restricted permission which cannot be held by an app until the installer on record whitelists the permission. For more details see {@link android.content.pm.PackageInstaller.SessionParams#setWhitelistedRestrictedPermissions(Set)}.  @deprecated Applications should use {@link android.telecom.CallRedirectionService} instead of the {@link android.content.Intent#ACTION_NEW_OUTGOING_CALL} broadcast.
READ_PHONE_STATE,,dangerous,,PHONE,"Allows read only access to phone state, including the current cellular network information, the status of any ongoing calls, and a list of any {@link android.telecom.PhoneAccount}s registered on the device. <p class=""note""><strong>Note:</strong> If <em>both</em> your <a href=""{@docRoot}guide/topics/manifest/uses-sdk-element.html#min"">{@code minSdkVersion}</a> and <a href=""{@docRoot}guide/topics/manifest/uses-sdk-element.html#target"">{@code targetSdkVersion}</a> values are set to 3 or lower, the system implicitly grants your app this permission. If you don't need this permission, be sure your <a href=""{@docRoot}guide/topics/manifest/uses-sdk-element.html#target"">{@code targetSdkVersion}</a> is 4 or higher. <p>Protection level: dangerous"
READ_PHONE_NUMBERS,,dangerous|instant,,PHONE,Allows read access to the device's phone number(s). This is a subset of the capabilities granted by {@link #READ_PHONE_STATE} but is exposed to instant applications. <p>Protection level: dangerous
CALL_PHONE,costsMoney,dangerous,,PHONE,Allows an application to initiate a phone call without going through the Dialer user interface for the user to confirm the call. <p>Protection level: dangerous
ADD_VOICEMAIL,,dangerous,,PHONE,Allows an application to add voicemails into the system. <p>Protection level: dangerous
USE_SIP,,dangerous,,PHONE,Allows an application to use SIP service. <p>Protection level: dangerous
ANSWER_PHONE_CALLS,,dangerous|runtime,,PHONE,Allows the app to answer an incoming phone call. <p>Protection level: dangerous
MANAGE_OWN_CALLS,,normal,,PHONE,Allows a calling application which manages its own calls through the self-managed {@link android.telecom.ConnectionService} APIs.  See {@link android.telecom.PhoneAccount#CAPABILITY_SELF_MANAGED} for more information on the self-managed ConnectionService APIs. <p>Protection level: normal
CALL_COMPANION_APP,,normal,,PHONE,Allows an app which implements the {@link android.telecom.InCallService InCallService} API to be eligible to be enabled as a calling companion app. This means that the Telecom framework will bind to the app's InCallService implementation when there are calls active. The app can use the InCallService API to view information about calls on the system and control these calls. <p>Protection level: normal
EXEMPT_FROM_AUDIO_RECORD_RESTRICTIONS,,signature|privileged|role,,PHONE,Exempt this uid from restrictions to background audio recoding <p>Protection level: signature|privileged @hide @SystemApi
ACCEPT_HANDOVER,,dangerous,,PHONE,"Allows a calling app to continue a call which was started in another app.  An example is a video calling app that wants to continue a voice call on the user's mobile network.<p> When the handover of a call from one app to another takes place, there are two devices which are involved in the handover; the initiating and receiving devices.  The initiating device is where the request to handover the call was started, and the receiving device is where the handover request is confirmed by the other party.<p> This permission protects access to the {@link android.telecom.TelecomManager#acceptHandover(Uri, int, PhoneAccountHandle)} which the receiving side of the handover uses to accept a handover. <p>Protection level: dangerous"
RECORD_AUDIO,,dangerous|instant,RECORD_BACKGROUND_AUDIO,MICROPHONE,Allows an application to record audio. <p>Protection level: dangerous
RECORD_BACKGROUND_AUDIO,,internal|role,,MICROPHONE,@SystemApi @TestApi Allows an application to record audio while in the background. This permission is not intended to be held by apps. <p>Protection level: internal @hide
ACTIVITY_RECOGNITION,,dangerous|instant,,ACTIVITY_RECOGNITION,Allows an application to recognize physical activity. <p>Protection level: dangerous
ACCESS_UCE_PRESENCE_SERVICE,,signature|privileged,,ACTIVITY_RECOGNITION,"@hide Allows an application to Access UCE-Presence. <p>Protection level: signature|privileged @deprecated Framework should no longer use this permission to access the vendor UCE service using AIDL, it is instead implemented by RcsCapabilityExchangeImplBase"
ACCESS_UCE_OPTIONS_SERVICE,,signature|privileged,,ACTIVITY_RECOGNITION,"@hide Allows an application to Access UCE-OPTIONS. <p>Protection level: signature|privileged @deprecated Framework should no longer use this permission to access the vendor UCE service using AIDL, it is instead implemented by RcsCapabilityExchangeImplBase"
CAMERA,,dangerous|instant,BACKGROUND_CAMERA,CAMERA,"Required to be able to access the camera device. <p>This will automatically enforce the <a href=""{@docRoot}guide/topics/manifest/uses-feature-element.html""> uses-feature</a> manifest element for <em>all</em> camera features. If you do not require all camera features or can properly operate if a camera is not available, then you must modify your manifest as appropriate in order to install on devices that don't support all camera features.</p> <p>Protection level: dangerous"
BACKGROUND_CAMERA,,internal|role,,NEARBY_DEVICES,@SystemApi @TestApi Required to be able to access the camera device in the background. This permission is not intended to be held by apps. <p>Protection level: internal @hide
SYSTEM_CAMERA,,system|signature|role,,NEARBY_DEVICES,@SystemApi Required in addition to android.permission.CAMERA to be able to access system only camera devices. <p>Protection level: system|signature|role @hide
CAMERA_OPEN_CLOSE_LISTENER,,signature,,NEARBY_DEVICES,@SystemApi Allows receiving the camera service notifications when a camera is opened (by a certain application package) or closed. @hide
HIGH_SAMPLING_RATE_SENSORS,,normal,,SENSORS,Allows an app to access sensor data with a sampling rate greater than 200 Hz. <p>Protection level: normal
BODY_SENSORS,,dangerous,,SENSORS,"Allows an application to access data from sensors that the user uses to measure what is happening inside their body, such as heart rate. <p>Protection level: dangerous"
USE_FINGERPRINT,,normal,,SENSORS,Allows an app to use fingerprint hardware. <p>Protection level: normal @deprecated Applications should request {@link android.Manifest.permission#USE_BIOMETRIC} instead
USE_BIOMETRIC,,normal,,SENSORS,Allows an app to use device supported biometric modalities. <p>Protection level: normal
